"Round","num.trees","mtry","sample.fraction","min.node.size","replace","mse","training_time","prediction_time"
1,9.8761950712651,3.15241375565529,0.810098419059068,26.7751083588228,0.230166407534853,1075402267.94191,0.0420000000000073,0.0319999999999709
2,5.37610880658031,11.9041637293994,0.324740972579457,12.0286223015282,0.0186741698998958,1042821917.6158,0.037999999999829,0.0359999999999673
3,2.42094925232232,19.4584849968087,0.964851180138066,43.705521046184,0.300766823114827,1158192618.90798,0.0340000000000146,0.0360000000000582
4,10,60,1,1,1,830657170.630195,0.101999999999953,0.0300000000000182
5,2,58.1442518334663,0.45516554360589,11.0559654646186,1,1238414372.81013,0.03799999999992,0.0340000000001055
6,7.60740770376606,60,0.120451883795451,50,2.22044604925031e-16,1791936038.49704,0.0420000000000073,0.0300000000000182
7,2,22.7951218500185,1,1,2.22044604925031e-16,1182753226.75732,0.0519999999999527,0.0300000000001091
8,10,60,0.810936096953759,6.3022590734872,2.22044604925031e-16,790881456.764975,0.0779999999998836,0.0299999999998363
