"num_trees","mse","runtime_training","runtime_prediction"
1,2023524653.15654,0.0319999999999936,0.0220000000000255
