"","num_trees","sample_fraction","mtry","replace","min_node_size","mse","runtime_training","runtime_prediction"
"1",NA,NA,NA,1,36,10542200239.6824,0.219999999999982,0.0380000000000109
"2",NA,NA,NA,0,16,10526944551.0023,0.202000000000044,0.0319999999999709
"3",NA,NA,NA,0,43,10383325927.6733,0.140000000000009,0.0299999999999727
"4",NA,NA,NA,0,10,10545961544.158,0.238000000000011,0.0339999999999691
"5",NA,NA,NA,1,24,10486392893.901,0.249999999999955,0.0400000000000091
