"","num_trees","sample_fraction","mtry","replace","min_node_size","mse","runtime_training","runtime_prediction"
"1",NA,0.772468570736237,51,NA,NA,11230481914.5958,1.96799999999998,0.0480000000000018
"2",NA,0.43096859306097,57,NA,NA,11094130910.017,1.22200000000005,0.0399999999999864
"3",NA,0.582937301439233,55,NA,NA,11263452095.7077,1.49000000000003,0.0340000000000146
"4",NA,0.278684578230605,14,NA,NA,10467482925.6554,0.260000000000014,0.0299999999999955
"5",NA,0.919244067952968,31,NA,NA,11616481640.9299,1.626,0.0499999999999773
