"","num_trees","sample_fraction","mtry","replace","min_node_size","mse","runtime_training","runtime_prediction"
"1",NA,NA,17,NA,4,11206874191.0115,0.977999999999975,0.0460000000000264
"2",NA,NA,36,NA,13,10766244790.0845,1.16399999999996,0.0379999999999882
"3",NA,NA,37,NA,30,11301337117.1146,0.881999999999971,0.0359999999999673
"4",NA,NA,37,NA,29,10770533677.3417,0.909999999999968,0.0340000000000373
"5",NA,NA,18,NA,39,11195690795.4213,0.463999999999965,0.04200000000003
