"","num_trees","sample_fraction","mtry","replace","min_node_size","mse","runtime_training","runtime_prediction"
"1",NA,NA,54,0,NA,11186699351.9616,1.63,0.0399999999999864
"2",NA,NA,14,1,NA,10696077780.8804,0.746000000000004,0.0460000000000036
"3",NA,NA,39,0,NA,11366431857.1042,1.27400000000002,0.0419999999999845
"4",NA,NA,19,1,NA,11094351291.1253,0.977999999999997,0.0360000000000127
"5",NA,NA,40,1,NA,11213330941.789,1.78400000000001,0.0519999999999982
