"","num_trees","sample_fraction","mtry","replace","min_node_size","mse","runtime_training","runtime_prediction"
"1",302,NA,NA,NA,12,10641971830.6394,0.418000000000006,0.0480000000000246
"2",279,NA,NA,NA,6,10902945771.2572,0.472000000000025,0.0560000000000173
"3",487,NA,NA,NA,22,11049765066.4868,0.419999999999959,0.0479999999999791
"4",103,NA,NA,NA,29,10326462519.9615,0.07800000000002,0.0260000000000218
"5",1363,NA,NA,NA,33,10684455620.8634,0.755999999999995,0.0540000000000191
