"","num_trees","sample_fraction","mtry","replace","min_node_size","mse","runtime_training","runtime_prediction"
"1",657,NA,NA,0,NA,10665433814.7206,0.547999999999979,0.0440000000000737
"2",1626,NA,NA,0,NA,11041490147.2496,1.28800000000001,0.113999999999987
"3",1422,NA,NA,1,NA,10899573126.63,2.096,0.122000000000003
"4",285,NA,NA,1,NA,10784782850.6519,0.448000000000002,0.0560000000000173
"5",633,NA,NA,0,NA,10919184820.2721,0.630000000000018,0.0699999999999818
