"","num_trees","sample_fraction","mtry","replace","min_node_size","mse","runtime_training","runtime_prediction"
"1",604,0.175139350537211,NA,NA,NA,10304634638.6092,0.163999999999965,0.0420000000000755
"2",2047,0.384989502909593,NA,NA,NA,10671624519.1371,1.21800000000003,0.112000000000012
"3",1616,0.477096096752211,NA,NA,NA,10284590574.9941,0.980000000000018,0.0939999999999827
"4",1467,0.85034736066591,NA,NA,NA,10532703633.2023,1.59200000000003,0.106000000000017
"5",1193,0.89901783298701,NA,NA,NA,10894337176.1387,1.46800000000001,0.112000000000012
