"","num_trees","sample_fraction","mtry","replace","min_node_size","mse","runtime_training","runtime_prediction"
"1",1921,NA,31,NA,NA,11560134618.824,6.23600000000001,0.155999999999995
"2",198,NA,36,NA,NA,11305461597.0141,0.681999999999971,0.0340000000000146
"3",811,NA,45,NA,NA,11456489098.6401,3.304,0.05
"4",35,NA,14,NA,NA,10958184746.3575,0.0740000000000464,0.0259999999999764
"5",122,NA,29,NA,NA,10993690797.3404,0.341999999999985,0.0259999999999764
