"","num_trees","sample_fraction","mtry","replace","min_node_size","mse","runtime_training","runtime_prediction"
"1",NA,0.960403526690789,NA,NA,23,10707426722.3035,0.297999999999956,0.0380000000000337
"2",NA,0.383583599375561,NA,NA,39,10104989596.235,0.111999999999989,0.0319999999999936
"3",NA,0.390709561109543,NA,NA,14,10783730898.7131,0.158000000000015,0.03599999999999
"4",NA,0.426055654510856,NA,NA,26,10405266121.6746,0.131999999999994,0.0360000000000127
"5",NA,0.583036072528921,NA,NA,5,10595761065.4373,0.292000000000007,0.0419999999999618
