"min.node.size","mse","runtime_training","runtime_prediction"
10,731791115.607846,0.329999999999995,0.0460000000000036
20,728315362.668166,0.251999999999998,0.0419999999999987
30,760511285.537461,0.218000000000001,0.0419999999999987
