"mtry","mse","runtime_training","runtime_prediction"
1,1655667751.63265,0.106,0.0419999999999995
5,705942337.342608,0.332,0.0479999999999997
10,669910247.795977,0.494,0.047999999999999
