"num_trees","mse","runtime_training","runtime_prediction"
1,2023524653.15654,0.0359999999999999,0.0319999999999997
5,902537932.751382,0.0359999999999998,0.0239999999999998
10,797013362.074728,0.0300000000000004,0.0260000000000005
100,718848286.01831,0.106000000000001,0.0359999999999999
