"replace","mse","runtime_training","runtime_prediction"
TRUE,668170945.791711,0.49,0.0500000000000007
FALSE,687265525.093231,0.402,0.0360000000000007
