"replace","mse","runtime_training","runtime_prediction"
TRUE,666984929.064512,0.361999999998807,0.0360000000000582
FALSE,685205918.928123,0.263999999999942,0.0380000000004657
